Name,Tags,Author,Button,Recommender,link
Obduction VR,Game,,,,
Psychonauts Rhombus of Ruin VR,Game,,,,
The Room VR,Game,,,,
Underworld overseer VR,Game,,,,
Journey Game,Game,,,,
Fracked vr,Game,,,,
Outer Wilds Eye DLC (VR),Game,,,,
Meditation for mortals,Book.AudioBook,,,,
House of leaves,Book.AudioBook,,,,
Mercy of Gods (Next Expanse) next in series,Book.AudioBook,,,,
Next book series argument of Kings,Book.AudioBook,,,,
Dune 2,TV.Movie,,,,
Taxi Driver movie,TV.Movie,,,,
Misfits,TV.Movie,,,,
Subnautica,Game,,,,
Control,Game,,,,
Anatomy of the fall,TV.Movie,,,,
The substance,TV.Movie,,,,
Nosferatu,TV.Movie,,,,
Past lives,TV.Movie,,,Alex,
Anora movie,TV.Movie,,,,
You final season,TV.Movie,,,,
Mario / Minecraft movie with Erin,TV.Movie,,,,
Derry girls,TV.Movie,,,,
Witch Brook Erin,Game,,,,
Dune prophecy,TV.Movie,,,,
Midsomar,TV.Movie,,,,
Doac diary of a ceo,TV.Movie,,,,
Oddball,Book.AudioBook,,,,
