Name,Author,Button,Recommender,Tags,link
House of leaves,,,,Book.AudioBook,
Obduction VR,,,,Game,
The Room VR,,,,Game,
Psychonauts Rhombus of Ruin VR,,,,Game,
Outer Wilds Eye DLC (VR),,,,Game,
Mercy of Gods (Next Expanse) next in series,,,,Book.AudioBook,
Dune 2,,,,TV.Movie,
Taxi Driver movie,,,,TV.Movie,
Fracked vr,,,,Game,
Next book series argument of Kings,,,,Book.AudioBook,
Misfits,,,,TV.Movie,
Underworld overseer VR,,,,Game,
Journey Game,,,,Game,
Subnautica,,,,Game,
Control,,,,Game,
Anatomy of the fall,,,,TV.Movie,
The substance,,,,TV.Movie,
Nosferatu,,,,TV.Movie,
Past lives,,,Alex,TV.Movie,
Anora movie,,,,TV.Movie,
Meditation for mortals,,,,Book.AudioBook,
You final season,,,,TV.Movie,
Mario / Minecraft movie with Erin,,,,TV.Movie,
Derry girls,,,,TV.Movie,
Witch Brook Erin,,,,Game,
Dune prophecy,,,,TV.Movie,
Midsomar,,,,TV.Movie,
Doac diary of a ceo,,,,TV.Movie,
Oddball,,,,Book.AudioBook,
